Sq,Row
A,1
A,2
A,3
A,4
A,5
A,6
A,7
A,8
A,9
A,10
A,11
AA,1
AA,2
AA,3
AA,4
AA,5
AA,6
AA,7
AA,8
AA,9
AA,10
AA,11
B,1
B,2
B,3
B,4
B,5
B,6
B,7
B,8
B,9
B,10
B,11
BB,1
BB,2
BB,3
BB,4
BB,5
BB,6
BB,7
BB,8
BB,9
BB,10
BB,11
C,1
C,2
C,3
C,4
C,5
C,6
C,7
C,8
C,9
C,10
C,11
CC,1
CC,2
CC,3
CC,4
CC,5
CC,6
CC,7
CC,8
CC,9
CC,10
CC,11
D,1
D,2
D,3
D,4
D,5
D,6
D,7
D,8
D,9
D,10
D,11
DD,1
DD,2
DD,3
DD,4
DD,5
DD,6
DD,7
DD,8
DD,9
DD,10
DD,11
E,1
E,2
E,3
E,4
E,5
E,6
E,7
E,8
E,9
E,10
E,11
F,1
F,2
F,3
F,4
F,5
F,6
F,7
F,8
F,9
F,10
F,11
G,1
G,2
G,3
G,4
G,5
G,6
G,7
G,8
G,9
G,10
G,11
