lev.final,TAXON,ELEMENT_MAMMAL,scan_zone,n,scan_site,horse,wildebeest,reindeer,Bison,sheep
I,Bison_priscus,Ulna,zone1,1,UL1,0.43,0.46,0.49,0.34,0.18
I,Bison_priscus,Ulna,zone2,0,UL2,0.65,0.73,0.68,0.69,0.26
I,Bos_Bison_sp.,Humerus,zone1,1,HU1,0.23,0.32,0.26,0.24,0.13
I,Bos_Bison_sp.,Humerus,zone2,7,HU2,0.25,0.42,0.31,0.25,0.22
I,Bos_Bison_sp.,Humerus,zone3,11,HU3,0.64,0.7,0.61,0.45,0.42
I,Bos_Bison_sp.,Humerus,zone4,9,HU4,0.55,0.61,0.62,0.48,0.37
I,Bos_Bison_sp.,Humerus,zone5,2,HU5,0.36,0.51,0.48,0.37,0.34
I,Bos_Bison_sp.,Metacarpal,zone1,1,MC1,0.55,0.58,0.63,0.59,0.4
I,Bos_Bison_sp.,Metacarpal,zone2,0,MC2,0.66,0.72,0.69,0.63,0.55
I,Bos_Bison_sp.,Metacarpal,zone3,0,MC3,0.84,0.86,0.79,0.69,0.67
I,Bos_Bison_sp.,Metacarpal,zone4,0,MC4,0.67,0.62,0.59,0.6,0.54
I,Bos_Bison_sp.,Metacarpal,zone5,0,MC5,0.56,0.56,0.48,0.46,0.38
I,Bos_Bison_sp.,Metacarpal,zone6,1,MC6,0.6,0.62,0.68,0.53,0.5
I,Bos_Bison_sp.,Tibia,zone1,5,TI1,0.3,0.42,0.35,0.41,0.16
I,Bos_Bison_sp.,Tibia,zone2,4,TI2,0.44,0.55,0.44,0.58,0.2
I,Bos_Bison_sp.,Tibia,zone3,10,TI3,0.82,0.77,0.71,0.76,0.59
I,Bos_Bison_sp.,Tibia,zone4,9,TI4,0.55,0.57,0.53,0.44,0.36
I,Bos_Bison_sp.,Tibia,zone5,0,TI5,0.43,0.48,0.39,0.41,0.28
I,Bos_Bison_sp.,Ulna,zone1,3,UL1,0.43,0.46,0.49,0.34,0.18
I,Bos_Bison_sp.,Ulna,zone2,7,UL2,0.65,0.73,0.68,0.69,0.26
I,Bos_Bison_sp.,Vert_Thoracic,zone1,2,TH1,0.32,0.38,0.38,0.42,0.24
I,Bos_Bison_sp.,Vert_Thoracic,zone2,1,TH2,0.49,0.47,0.53,0.38,0.19
I,Capra_caucasica,Sacrum,zone1,1,SC1,0.36,0.35,0.37,0.27,0.2
I,Capra_caucasica,Sacrum,zone2,0,SC2,0.37,0.41,0.4,0.26,0.16
I,Capra_caucasica,Vert_Thoracic,zone1,1,TH1,0.32,0.38,0.38,0.42,0.24
I,Capra_caucasica,Vert_Thoracic,zone2,0,TH2,0.49,0.47,0.53,0.38,0.19
I,Capra_ibex,Astragalus,zone1,1,AS1,0.67,0.67,0.68,0.72,0.54
I,Capra_ibex,Astragalus,zone2,1,AS2,0.64,0.77,0.7,0.62,0.63
I,Capra_ibex,Metacarpal,zone1,1,MC1,0.55,0.58,0.63,0.59,0.4
I,Capra_ibex,Metacarpal,zone2,1,MC2,0.66,0.72,0.69,0.63,0.55
I,Capra_ibex,Metacarpal,zone3,0,MC3,0.84,0.86,0.79,0.69,0.67
I,Capra_ibex,Metacarpal,zone4,0,MC4,0.67,0.62,0.59,0.6,0.54
I,Capra_ibex,Metacarpal,zone5,0,MC5,0.56,0.56,0.48,0.46,0.38
I,Capra_ibex,Metacarpal,zone6,0,MC6,0.6,0.62,0.68,0.53,0.5
I,Capra_ibex,Vert_Cervical,zone1,1,CE1,0.5,0.52,0.45,0.37,0.12
I,Capra_ibex,Vert_Cervical,zone2,0,CE2,0.41,0.47,0.43,0.62,0.13
I,Capra_sp.,Metacarpal,zone1,2,MC1,0.55,0.58,0.63,0.59,0.4
I,Capra_sp.,Metacarpal,zone2,2,MC2,0.66,0.72,0.69,0.63,0.55
I,Capra_sp.,Metacarpal,zone3,1,MC3,0.84,0.86,0.79,0.69,0.67
I,Capra_sp.,Metacarpal,zone4,1,MC4,0.67,0.62,0.59,0.6,0.54
I,Capra_sp.,Metacarpal,zone5,1,MC5,0.56,0.56,0.48,0.46,0.38
I,Capra_sp.,Metacarpal,zone6,1,MC6,0.6,0.62,0.68,0.53,0.5
I,Capra_sp.,Sacrum,zone1,1,SC1,0.36,0.35,0.37,0.27,0.2
I,Capra_sp.,Sacrum,zone2,1,SC2,0.37,0.41,0.4,0.26,0.16
I,Capra_sp.,Ulna,zone1,1,UL1,0.43,0.46,0.49,0.34,0.18
I,Capra_sp.,Ulna,zone2,0,UL2,0.65,0.73,0.68,0.69,0.26
I,Cervid_sp.,Calcaneum,zone1,1,CA1,0.45,0.57,0.52,0.46,0.43
I,Cervid_sp.,Calcaneum,zone2,1,CA2,0.69,0.76,0.8,0.8,0.58
I,Cervid_sp.,Calcaneum,zone3,0,CA3,0.55,0.67,0.66,0.49,0.56
I,Cervid_sp.,Calcaneum,zone4,1,CA4,0.72,0.75,0.73,0.66,0.43
I,Cervid_sp.,Ilium,zone1,1,IL1,0.29,0.39,0.43,0.22,0.23
I,Cervid_sp.,Ilium,zone2,0,IL2,0.69,0.62,0.7,0.52,0.47
I,Cervid_sp.,Metatarsal,zone1,2,MR1,0.59,0.63,0.58,0.52,0.43
I,Cervid_sp.,Metatarsal,zone2,4,MR2,0.75,0.71,0.57,0.59,0.53
I,Cervid_sp.,Metatarsal,zone3,0,MR3,0.91,0.84,0.65,0.67,0.68
I,Cervid_sp.,Metatarsal,zone4,1,MR4,0.71,0.65,0.54,0.51,0.51
I,Cervid_sp.,Metatarsal,zone5,0,MR5,0.58,0.54,0.41,0.4,0.31
I,Cervid_sp.,Metatarsal,zone6,0,MR6,0.6,0.65,0.59,0.48,0.39
I,Cervid_sp.,Scapula,zone1,1,SP1,0.64,0.68,0.66,0.5,0.25
I,Cervid_sp.,Scapula,zone2,3,SP2,0.67,0.71,0.73,0.48,0.33
I,Cervid_sp.,Scapula,zone3,0,SP3,0.55,0.74,0.73,0.28,0.19
I,Cervid_sp.,Scapula,zone4,0,SP4,0.66,0.65,0.69,0.43,0.32
I,Cervid_sp.,Ulna,zone1,1,UL1,0.43,0.46,0.49,0.34,0.18
I,Cervid_sp.,Ulna,zone2,1,UL2,0.65,0.73,0.68,0.69,0.26
I,Cervid_sp.,Vert_Cervical,zone1,2,CE1,0.5,0.52,0.45,0.37,0.12
I,Cervid_sp.,Vert_Cervical,zone2,1,CE2,0.41,0.47,0.43,0.62,0.13
I,Cervid_sp.,Vert_Thoracic,zone1,1,TH1,0.32,0.38,0.38,0.42,0.24
I,Cervid_sp.,Vert_Thoracic,zone2,0,TH2,0.49,0.47,0.53,0.38,0.19
I,Cervus_elaphus,Astragalus,zone1,1,AS1,0.67,0.67,0.68,0.72,0.54
I,Cervus_elaphus,Astragalus,zone2,0,AS2,0.64,0.77,0.7,0.62,0.63
I,Cervus_elaphus,Calcaneum,zone1,1,CA1,0.45,0.57,0.52,0.46,0.43
I,Cervus_elaphus,Calcaneum,zone2,1,CA2,0.69,0.76,0.8,0.8,0.58
I,Cervus_elaphus,Calcaneum,zone3,0,CA3,0.55,0.67,0.66,0.49,0.56
I,Cervus_elaphus,Calcaneum,zone4,0,CA4,0.72,0.75,0.73,0.66,0.43
I,Cervus_elaphus,Humerus,zone1,2,HU1,0.23,0.32,0.26,0.24,0.13
I,Cervus_elaphus,Humerus,zone2,3,HU2,0.25,0.42,0.31,0.25,0.22
I,Cervus_elaphus,Humerus,zone3,0,HU3,0.64,0.7,0.61,0.45,0.42
I,Cervus_elaphus,Humerus,zone4,5,HU4,0.55,0.61,0.62,0.48,0.37
I,Cervus_elaphus,Humerus,zone5,2,HU5,0.36,0.51,0.48,0.37,0.34
I,Cervus_elaphus,Metacarpal,zone1,2,MC1,0.55,0.58,0.63,0.59,0.4
I,Cervus_elaphus,Metacarpal,zone2,6,MC2,0.66,0.72,0.69,0.63,0.55
I,Cervus_elaphus,Metacarpal,zone3,2,MC3,0.84,0.86,0.79,0.69,0.67
I,Cervus_elaphus,Metacarpal,zone4,3,MC4,0.67,0.62,0.59,0.6,0.54
I,Cervus_elaphus,Metacarpal,zone5,0,MC5,0.56,0.56,0.48,0.46,0.38
I,Cervus_elaphus,Metatarsal,zone1,2,MR1,0.59,0.63,0.58,0.52,0.43
I,Cervus_elaphus,Metatarsal,zone2,5,MR2,0.75,0.71,0.57,0.59,0.53
I,Cervus_elaphus,Metatarsal,zone3,2,MR3,0.91,0.84,0.65,0.67,0.68
I,Cervus_elaphus,Metatarsal,zone4,4,MR4,0.71,0.65,0.54,0.51,0.51
I,Cervus_elaphus,Metatarsal,zone5,1,MR5,0.58,0.54,0.41,0.4,0.31
I,Cervus_elaphus,Metatarsal,zone6,0,MR6,0.6,0.65,0.59,0.48,0.39
I,Cervus_elaphus,Tibia,zone1,1,TI1,0.3,0.42,0.35,0.41,0.16
I,Cervus_elaphus,Tibia,zone2,8,TI2,0.44,0.55,0.44,0.58,0.2
I,Cervus_elaphus,Tibia,zone3,12,TI3,0.82,0.77,0.71,0.76,0.59
I,Cervus_elaphus,Tibia,zone4,6,TI4,0.55,0.57,0.53,0.44,0.36
I,Cervus_elaphus,Tibia,zone5,1,TI5,0.43,0.48,0.39,0.41,0.28
I,Cervus_elaphus,Ulna,zone1,1,UL1,0.43,0.46,0.49,0.34,0.18
I,Cervus_elaphus,Ulna,zone2,1,UL2,0.65,0.73,0.68,0.69,0.26
I,Cervus_elaphus,Vert_Cervical,zone1,3,CE1,0.5,0.52,0.45,0.37,0.12
I,Cervus_elaphus,Vert_Cervical,zone2,0,CE2,0.41,0.47,0.43,0.62,0.13
I,Cervus_elaphus,Vert_Thoracic,zone1,2,TH1,0.32,0.38,0.38,0.42,0.24
I,Cervus_elaphus,Vert_Thoracic,zone2,0,TH2,0.49,0.47,0.53,0.38,0.19
I,Equid_sp.,Humerus,zone1,1,HU1,0.23,0.32,0.26,0.24,0.13
I,Equid_sp.,Humerus,zone2,1,HU2,0.25,0.42,0.31,0.25,0.22
I,Equid_sp.,Humerus,zone3,0,HU3,0.64,0.7,0.61,0.45,0.42
I,Equid_sp.,Humerus,zone4,0,HU4,0.55,0.61,0.62,0.48,0.37
I,Equid_sp.,Humerus,zone5,0,HU5,0.36,0.51,0.48,0.37,0.34
I,Equid_sp.,Tibia,zone1,2,TI1,0.3,0.42,0.35,0.41,0.16
I,Equid_sp.,Tibia,zone2,3,TI2,0.44,0.55,0.44,0.58,0.2
I,Equid_sp.,Tibia,zone3,4,TI3,0.82,0.77,0.71,0.76,0.59
I,Equid_sp.,Tibia,zone4,2,TI4,0.55,0.57,0.53,0.44,0.36
I,Equid_sp.,Tibia,zone5,0,TI5,0.43,0.48,0.39,0.41,0.28
I,Equus_ferus,Atlas,zone1,1,AT1,0.51,0.55,0.47,0.52,0.07
I,Equus_ferus,Atlas,zone2,0,AT2,0.47,0.57,0.42,0.91,0.11
I,Equus_ferus,Vert_Lumbar,zone1,1,LU1,0.48,0.58,0.49,0.31,0.26
I,Equus_ferus,Vert_Lumbar,zone2,1,LU2,0.42,0.52,0.45,0.11,0.22
I/J,Cervus_elaphus,Metatarsal,zone1,1,MR1,0.59,0.63,0.58,0.52,0.43
I/J,Cervus_elaphus,Metatarsal,zone2,0,MR2,0.75,0.71,0.57,0.59,0.53
I/J,Cervus_elaphus,Metatarsal,zone3,0,MR3,0.91,0.84,0.65,0.67,0.68
I/J,Cervus_elaphus,Metatarsal,zone4,0,MR4,0.71,0.65,0.54,0.51,0.51
I/J,Cervus_elaphus,Metatarsal,zone5,0,MR5,0.58,0.54,0.41,0.4,0.31
I/J,Cervus_elaphus,Metatarsal,zone6,0,MR6,0.6,0.65,0.59,0.48,0.39
J/K,Capra_ibex,Metatarsal,zone1,1,MR1,0.59,0.63,0.58,0.52,0.43
J/K,Capra_ibex,Metatarsal,zone2,1,MR2,0.75,0.71,0.57,0.59,0.53
J/K,Capra_ibex,Metatarsal,zone3,0,MR3,0.91,0.84,0.65,0.67,0.68
J/K,Capra_ibex,Metatarsal,zone4,0,MR4,0.71,0.65,0.54,0.51,0.51
J/K,Capra_ibex,Metatarsal,zone5,0,MR5,0.58,0.54,0.41,0.4,0.31
J/K,Capra_ibex,Metatarsal,zone6,0,MR6,0.6,0.65,0.59,0.48,0.39
K,Capra_sp.,Vert_Cervical,zone1,1,CE1,0.5,0.52,0.45,0.37,0.12
K,Capra_sp.,Vert_Cervical,zone2,0,CE2,0.41,0.47,0.43,0.62,0.13
I,Bison_priscus,Radius,zone1,0,RA1,0.37,0.51,0.53,0.48,0.35
I,Bison_priscus,Radius,zone2,1,RA2,0.51,0.62,0.57,0.56,0.36
I,Bison_priscus,Radius,zone3,0,RA3,0.84,0.8,0.73,0.62,0.52
I,Bison_priscus,Radius,zone4,0,RA4,0.43,0.49,0.38,0.42,0.19
I,Bison_priscus,Radius,zone5,0,RA5,0.42,0.47,0.49,0.35,0.21
I,Bos_Bison_sp.,Atlas,zone1,0,AT1,0.51,0.55,0.47,0.52,0.07
I,Bos_Bison_sp.,Atlas,zone2,1,AT2,0.47,0.57,0.42,0.91,0.11
I,Bos_Bison_sp.,Femur,zone1,0,FE1,0.35,0.41,0.39,0.31,0.28
I,Bos_Bison_sp.,Femur,zone2,2,FE2,0.3,0.42,0.35,0.34,0.16
I,Bos_Bison_sp.,Femur,zone3,6,FE3,0.36,0.5,0.35,0.34,0.2
I,Bos_Bison_sp.,Femur,zone4,8,FE4,0.59,0.65,0.57,0.45,0.36
I,Bos_Bison_sp.,Femur,zone5,7,FE5,0.46,0.49,0.4,0.36,0.24
I,Bos_Bison_sp.,Femur,zone6,2,FE6,0.3,0.38,0.32,0.26,0.22
I,Bos_Bison_sp.,Radio-ulna,zone1,0,UL1,0.43,0.46,0.49,0.34,0.18
I,Bos_Bison_sp.,Radio-ulna,zone2,1,UL2,0.65,0.73,0.68,0.69,0.26
I,Bos_Bison_sp.,Radio-ulna,zone3,0,RA1,0.37,0.51,0.53,0.48,0.35
I,Bos_Bison_sp.,Radio-ulna,zone4,0,RA2,0.51,0.62,0.57,0.56,0.36
I,Bos_Bison_sp.,Radio-ulna,zone5,0,RA3,0.84,0.8,0.73,0.62,0.52
I,Bos_Bison_sp.,Radio-ulna,zone6,0,RA4,0.43,0.49,0.38,0.42,0.19
I,Bos_Bison_sp.,Radio-ulna,zone7,0,RA5,0.42,0.47,0.49,0.35,0.21
I,Bos_Bison_sp.,Radius,zone1,0,RA1,0.37,0.51,0.53,0.48,0.35
I,Bos_Bison_sp.,Radius,zone2,3,RA2,0.51,0.62,0.57,0.56,0.36
I,Bos_Bison_sp.,Radius,zone3,1,RA3,0.84,0.8,0.73,0.62,0.52
I,Bos_Bison_sp.,Radius,zone4,7,RA4,0.43,0.49,0.38,0.42,0.19
I,Bos_Bison_sp.,Radius,zone5,1,RA5,0.42,0.47,0.49,0.35,0.21
I,Bos_Bison_sp.,Vert_Lumbar,zone1,0,LU1,0.48,0.58,0.49,0.31,0.26
I,Bos_Bison_sp.,Vert_Lumbar,zone2,1,LU2,0.42,0.52,0.45,0.11,0.22
I,Capra_caucasica,Astragalus,zone1,0,AS1,0.67,0.67,0.68,0.72,0.54
I,Capra_caucasica,Astragalus,zone2,1,AS2,0.64,0.77,0.7,0.62,0.63
I,Capra_caucasica,Metatarsal,zone1,0,MR1,0.59,0.63,0.58,0.52,0.43
I,Capra_caucasica,Metatarsal,zone2,1,MR2,0.75,0.71,0.57,0.59,0.53
I,Capra_caucasica,Metatarsal,zone3,0,MR3,0.91,0.84,0.65,0.67,0.68
I,Capra_caucasica,Metatarsal,zone4,0,MR4,0.71,0.65,0.54,0.51,0.51
I,Capra_caucasica,Metatarsal,zone5,0,MR5,0.58,0.54,0.41,0.4,0.31
I,Capra_caucasica,Metatarsal,zone6,0,MR6,0.6,0.65,0.59,0.48,0.39
I,Capra_sp.,Humerus,zone1,0,HU1,0.23,0.32,0.26,0.24,0.13
I,Capra_sp.,Humerus,zone2,3,HU2,0.25,0.42,0.31,0.25,0.22
I,Capra_sp.,Humerus,zone3,0,HU3,0.64,0.7,0.61,0.45,0.42
I,Capra_sp.,Humerus,zone4,0,HU4,0.55,0.61,0.62,0.48,0.37
I,Capra_sp.,Humerus,zone5,0,HU5,0.36,0.51,0.48,0.37,0.34
I,Capra_sp.,Radius,zone1,0,RA1,0.37,0.51,0.53,0.48,0.35
I,Capra_sp.,Radius,zone2,1,RA2,0.51,0.62,0.57,0.56,0.36
I,Capra_sp.,Radius,zone3,1,RA3,0.84,0.8,0.73,0.62,0.52
I,Capra_sp.,Radius,zone4,0,RA4,0.43,0.49,0.38,0.42,0.19
I,Capra_sp.,Radius,zone5,0,RA5,0.42,0.47,0.49,0.35,0.21
I,Capreolus_capreolus,Femur,zone1,0,FE1,0.35,0.41,0.39,0.31,0.28
I,Capreolus_capreolus,Femur,zone2,1,FE2,0.3,0.42,0.35,0.34,0.16
I,Capreolus_capreolus,Femur,zone3,0,FE3,0.36,0.5,0.35,0.34,0.2
I,Capreolus_capreolus,Femur,zone4,0,FE4,0.59,0.65,0.57,0.45,0.36
I,Capreolus_capreolus,Femur,zone5,0,FE5,0.46,0.49,0.4,0.36,0.24
I,Capreolus_capreolus,Femur,zone6,0,FE6,0.3,0.38,0.32,0.26,0.22
I,Capreolus_capreolus,Humerus,zone1,0,HU1,0.23,0.32,0.26,0.24,0.13
I,Capreolus_capreolus,Humerus,zone2,1,HU2,0.25,0.42,0.31,0.25,0.22
I,Capreolus_capreolus,Humerus,zone3,0,HU3,0.64,0.7,0.61,0.45,0.42
I,Capreolus_capreolus,Humerus,zone4,0,HU4,0.55,0.61,0.62,0.48,0.37
I,Capreolus_capreolus,Humerus,zone5,0,HU5,0.36,0.51,0.48,0.37,0.34
I,Cervid_sp.,Astragalus,zone1,0,AS1,0.67,0.67,0.68,0.72,0.54
I,Cervid_sp.,Astragalus,zone2,1,AS2,0.64,0.77,0.7,0.62,0.63
I,Cervid_sp.,Femur,zone1,0,FE1,0.35,0.41,0.39,0.31,0.28
I,Cervid_sp.,Femur,zone2,2,FE2,0.3,0.42,0.35,0.34,0.16
I,Cervid_sp.,Femur,zone3,5,FE3,0.36,0.5,0.35,0.34,0.2
I,Cervid_sp.,Femur,zone4,1,FE4,0.59,0.65,0.57,0.45,0.36
I,Cervid_sp.,Femur,zone5,2,FE5,0.46,0.49,0.4,0.36,0.24
I,Cervid_sp.,Femur,zone6,1,FE6,0.3,0.38,0.32,0.26,0.22
I,Cervid_sp.,Humerus,zone1,0,HU1,0.23,0.32,0.26,0.24,0.13
I,Cervid_sp.,Humerus,zone2,4,HU2,0.25,0.42,0.31,0.25,0.22
I,Cervid_sp.,Humerus,zone3,4,HU3,0.64,0.7,0.61,0.45,0.42
I,Cervid_sp.,Humerus,zone4,2,HU4,0.55,0.61,0.62,0.48,0.37
I,Cervid_sp.,Humerus,zone5,3,HU5,0.36,0.51,0.48,0.37,0.34
I,Cervid_sp.,Metacarpal,zone1,0,MC1,0.55,0.58,0.63,0.59,0.4
I,Cervid_sp.,Metacarpal,zone2,1,MC2,0.66,0.72,0.69,0.63,0.55
I,Cervid_sp.,Metacarpal,zone3,0,MC3,0.84,0.86,0.79,0.69,0.67
I,Cervid_sp.,Metacarpal,zone4,4,MC4,0.67,0.62,0.59,0.6,0.54
I,Cervid_sp.,Metacarpal,zone5,1,MC5,0.56,0.56,0.48,0.46,0.38
I,Cervid_sp.,Metacarpal,zone6,0,MC6,0.6,0.62,0.68,0.53,0.5
I,Cervid_sp.,Radio-ulna,zone1,0,RA1,0.37,0.51,0.53,0.48,0.35
I,Cervid_sp.,Radio-ulna,zone2,1,RA2,0.51,0.62,0.57,0.56,0.36
I,Cervid_sp.,Radio-ulna,zone3,0,RA3,0.84,0.8,0.73,0.62,0.52
I,Cervid_sp.,Radio-ulna,zone4,0,RA4,0.43,0.49,0.38,0.42,0.19
I,Cervid_sp.,Radio-ulna,zone5,0,RA5,0.42,0.47,0.49,0.35,0.21
I,Cervid_sp.,Radius,zone1,0,UL1,0.43,0.46,0.49,0.34,0.18
I,Cervid_sp.,Radius,zone2,1,UL2,0.65,0.73,0.68,0.69,0.26
I,Cervid_sp.,Radius,zone3,4,RA1,0.37,0.51,0.53,0.48,0.35
I,Cervid_sp.,Radius,zone4,3,RA2,0.51,0.62,0.57,0.56,0.36
I,Cervid_sp.,Radius,zone5,1,RA3,0.84,0.8,0.73,0.62,0.52
I,Cervid_sp.,Radius,zone6,1,RA4,0.43,0.49,0.38,0.42,0.19
I,Cervid_sp.,Radius,zone7,2,RA5,0.42,0.47,0.49,0.35,0.21
I,Cervid_sp.,Tibia,zone1,0,TI1,0.3,0.42,0.35,0.41,0.16
I,Cervid_sp.,Tibia,zone2,5,TI2,0.44,0.55,0.44,0.58,0.2
I,Cervid_sp.,Tibia,zone3,5,TI3,0.82,0.77,0.71,0.76,0.59
I,Cervid_sp.,Tibia,zone4,4,TI4,0.55,0.57,0.53,0.44,0.36
I,Cervid_sp.,Tibia,zone5,0,TI5,0.43,0.48,0.39,0.41,0.28
I,Cervus_elaphus,Femur,zone1,0,FE1,0.35,0.41,0.39,0.31,0.28
I,Cervus_elaphus,Femur,zone2,2,FE2,0.3,0.42,0.35,0.34,0.16
I,Cervus_elaphus,Femur,zone3,6,FE3,0.36,0.5,0.35,0.34,0.2
I,Cervus_elaphus,Femur,zone4,6,FE4,0.59,0.65,0.57,0.45,0.36
I,Cervus_elaphus,Femur,zone5,6,FE5,0.46,0.49,0.4,0.36,0.24
I,Cervus_elaphus,Femur,zone6,0,FE6,0.3,0.38,0.32,0.26,0.22
I,Cervus_elaphus,Radius,zone1,0,UL2,0.65,0.73,0.68,0.69,0.26
I,Cervus_elaphus,Radius,zone2,1,RA1,0.37,0.51,0.53,0.48,0.35
I,Cervus_elaphus,Radius,zone3,3,RA2,0.51,0.62,0.57,0.56,0.36
I,Cervus_elaphus,Radius,zone4,4,RA3,0.84,0.8,0.73,0.62,0.52
I,Cervus_elaphus,Radius,zone5,1,RA4,0.43,0.49,0.38,0.42,0.19
I,Cervus_elaphus,Radius,zone6,2,RA5,0.42,0.47,0.49,0.35,0.21
I,Equid_sp.,Ulna,zone1,0,UL1,0.43,0.46,0.49,0.34,0.18
I,Equid_sp.,Ulna,zone2,1,UL2,0.65,0.73,0.68,0.69,0.26
I,Equid_sp.,Vert_Thoracic,zone1,0,TH1,0.32,0.38,0.38,0.42,0.24
I,Equid_sp.,Vert_Thoracic,zone2,1,TH2,0.49,0.47,0.53,0.38,0.19
I,Equus_ferus,Metacarpal,zone1,0,MC1,0.55,0.58,0.63,0.59,0.4
I,Equus_ferus,Metacarpal,zone2,1,MC2,0.66,0.72,0.69,0.63,0.55
I,Equus_ferus,Metacarpal,zone3,0,MC3,0.84,0.86,0.79,0.69,0.67
I,Equus_ferus,Metacarpal,zone4,1,MC4,0.67,0.62,0.59,0.6,0.54
I,Equus_ferus,Metacarpal,zone5,1,MC5,0.56,0.56,0.48,0.46,0.38
I,Equus_ferus,Metacarpal,zone6,0,MC6,0.6,0.62,0.68,0.53,0.5
I,Equus_ferus,Radius,zone1,0,RA1,0.37,0.51,0.53,0.48,0.35
I,Equus_ferus,Radius,zone2,1,RA2,0.51,0.62,0.57,0.56,0.36
I,Equus_ferus,Radius,zone3,0,RA3,0.84,0.8,0.73,0.62,0.52
I,Equus_ferus,Radius,zone4,1,RA4,0.43,0.49,0.38,0.42,0.19
I,Equus_ferus,Radius,zone5,0,RA5,0.42,0.47,0.49,0.35,0.21
I,Equus_ferus,Ulna,zone1,0,UL1,0.43,0.46,0.49,0.34,0.18
I,Equus_ferus,Ulna,zone2,1,UL2,0.65,0.73,0.68,0.69,0.26
I,Megaloceros_giganteus,Calcaneum,zone1,0,CA1,0.45,0.57,0.52,0.46,0.43
I,Megaloceros_giganteus,Calcaneum,zone2,1,CA2,0.69,0.76,0.8,0.8,0.58
I,Megaloceros_giganteus,Calcaneum,zone3,1,CA3,0.55,0.67,0.66,0.49,0.56
I,Megaloceros_giganteus,Calcaneum,zone4,0,CA4,0.72,0.75,0.73,0.66,0.43
I,Megaloceros_giganteus,Humerus,zone1,0,HU1,0.23,0.32,0.26,0.24,0.13
I,Megaloceros_giganteus,Humerus,zone2,3,HU2,0.25,0.42,0.31,0.25,0.22
I,Megaloceros_giganteus,Humerus,zone3,0,HU3,0.64,0.7,0.61,0.45,0.42
I,Megaloceros_giganteus,Humerus,zone4,0,HU4,0.55,0.61,0.62,0.48,0.37
I,Megaloceros_giganteus,Humerus,zone5,0,HU5,0.36,0.51,0.48,0.37,0.34
I,Megaloceros_giganteus,Radius,zone1,0,RA1,0.37,0.51,0.53,0.48,0.35
I,Megaloceros_giganteus,Radius,zone2,1,RA2,0.51,0.62,0.57,0.56,0.36
I,Megaloceros_giganteus,Radius,zone3,0,RA3,0.84,0.8,0.73,0.62,0.52
I,Megaloceros_giganteus,Radius,zone4,0,RA4,0.43,0.49,0.38,0.42,0.19
I,Megaloceros_giganteus,Radius,zone5,0,RA5,0.42,0.47,0.49,0.35,0.21
I,Megaloceros_giganteus,Tibia,zone1,0,TI1,0.3,0.42,0.35,0.41,0.16
I,Megaloceros_giganteus,Tibia,zone2,2,TI2,0.44,0.55,0.44,0.58,0.2
I,Megaloceros_giganteus,Tibia,zone3,1,TI3,0.82,0.77,0.71,0.76,0.59
I,Megaloceros_giganteus,Tibia,zone4,0,TI4,0.55,0.57,0.53,0.44,0.36
I,Megaloceros_giganteus,Tibia,zone5,0,TI5,0.43,0.48,0.39,0.41,0.28
I,Megaloceros_giganteus,Ulna,zone1,0,UL1,0.43,0.46,0.49,0.34,0.18
I,Megaloceros_giganteus,Ulna,zone2,1,UL2,0.65,0.73,0.68,0.69,0.26
I/J,Bos_Bison_sp.,Femur,zone1,0,FE1,0.35,0.41,0.39,0.31,0.28
I/J,Bos_Bison_sp.,Femur,zone2,1,FE2,0.3,0.42,0.35,0.34,0.16
I/J,Bos_Bison_sp.,Femur,zone3,0,FE3,0.36,0.5,0.35,0.34,0.2
I/J,Bos_Bison_sp.,Femur,zone4,0,FE4,0.59,0.65,0.57,0.45,0.36
I/J,Bos_Bison_sp.,Femur,zone5,0,FE5,0.46,0.49,0.4,0.36,0.24
I/J,Bos_Bison_sp.,Femur,zone6,0,FE6,0.3,0.38,0.32,0.26,0.22
I/J,Bos_Bison_sp.,Humerus,zone1,0,HU1,0.23,0.32,0.26,0.24,0.13
I/J,Bos_Bison_sp.,Humerus,zone2,1,HU2,0.25,0.42,0.31,0.25,0.22
I/J,Bos_Bison_sp.,Humerus,zone3,1,HU3,0.64,0.7,0.61,0.45,0.42
I/J,Bos_Bison_sp.,Humerus,zone4,1,HU4,0.55,0.61,0.62,0.48,0.37
I/J,Bos_Bison_sp.,Humerus,zone5,0,HU5,0.36,0.51,0.48,0.37,0.34
I/J,Cervid_sp.,Ulna,zone1,0,UL1,0.43,0.46,0.49,0.34,0.18
I/J,Cervid_sp.,Ulna,zone2,1,UL2,0.65,0.73,0.68,0.69,0.26
I/J,Cervus_elaphus,Calcaneum,zone1,0,CA1,0.45,0.57,0.52,0.46,0.43
I/J,Cervus_elaphus,Calcaneum,zone2,1,CA2,0.69,0.76,0.8,0.8,0.58
I/J,Cervus_elaphus,Calcaneum,zone3,0,CA3,0.55,0.67,0.66,0.49,0.56
I/J,Cervus_elaphus,Calcaneum,zone4,0,CA4,0.72,0.75,0.73,0.66,0.43
J,Capreolus_capreolus,Tibia,zone1,0,TI1,0.3,0.42,0.35,0.41,0.16
J,Capreolus_capreolus,Tibia,zone2,1,TI2,0.44,0.55,0.44,0.58,0.2
J,Capreolus_capreolus,Tibia,zone3,0,TI3,0.82,0.77,0.71,0.76,0.59
J,Capreolus_capreolus,Tibia,zone4,0,TI4,0.55,0.57,0.53,0.44,0.36
J,Capreolus_capreolus,Tibia,zone5,0,TI5,0.43,0.48,0.39,0.41,0.28
J,Cervid_sp.,Humerus,zone1,0,HU1,0.23,0.32,0.26,0.24,0.13
J,Cervid_sp.,Humerus,zone2,1,HU2,0.25,0.42,0.31,0.25,0.22
J,Cervid_sp.,Humerus,zone3,0,HU3,0.64,0.7,0.61,0.45,0.42
J,Cervid_sp.,Humerus,zone4,0,HU4,0.55,0.61,0.62,0.48,0.37
J,Cervid_sp.,Humerus,zone5,0,HU5,0.36,0.51,0.48,0.37,0.34
J,Cervid_sp.,Radius,zone1,0,RA1,0.37,0.51,0.53,0.48,0.35
J,Cervid_sp.,Radius,zone2,1,RA2,0.51,0.62,0.57,0.56,0.36
J,Cervid_sp.,Radius,zone3,0,RA3,0.84,0.8,0.73,0.62,0.52
J,Cervid_sp.,Radius,zone4,0,RA4,0.43,0.49,0.38,0.42,0.19
J,Cervid_sp.,Radius,zone5,0,RA5,0.42,0.47,0.49,0.35,0.21
J,Cervid_sp.,Tibia,zone1,0,TI1,0.3,0.42,0.35,0.41,0.16
J,Cervid_sp.,Tibia,zone2,1,TI2,0.44,0.55,0.44,0.58,0.2
J,Cervid_sp.,Tibia,zone3,0,TI3,0.82,0.77,0.71,0.76,0.59
J,Cervid_sp.,Tibia,zone4,0,TI4,0.55,0.57,0.53,0.44,0.36
J,Cervid_sp.,Tibia,zone5,0,TI5,0.43,0.48,0.39,0.41,0.28
J/K,Bos_Bison_sp.,Humerus,zone1,0,HU1,0.23,0.32,0.26,0.24,0.13
J/K,Bos_Bison_sp.,Humerus,zone2,1,HU2,0.25,0.42,0.31,0.25,0.22
J/K,Bos_Bison_sp.,Humerus,zone3,1,HU3,0.64,0.7,0.61,0.45,0.42
J/K,Bos_Bison_sp.,Humerus,zone4,0,HU4,0.55,0.61,0.62,0.48,0.37
J/K,Bos_Bison_sp.,Humerus,zone5,0,HU5,0.36,0.51,0.48,0.37,0.34
K,Bos_Bison_sp.,Femur,zone1,0,FE1,0.35,0.41,0.39,0.31,0.28
K,Bos_Bison_sp.,Femur,zone2,1,FE2,0.3,0.42,0.35,0.34,0.16
K,Bos_Bison_sp.,Femur,zone3,0,FE3,0.36,0.5,0.35,0.34,0.2
K,Bos_Bison_sp.,Femur,zone4,2,FE4,0.59,0.65,0.57,0.45,0.36
K,Bos_Bison_sp.,Femur,zone5,2,FE5,0.46,0.49,0.4,0.36,0.24
K,Bos_Bison_sp.,Femur,zone6,0,FE6,0.3,0.38,0.32,0.26,0.22
K,Bos_Bison_sp.,Humerus,zone1,0,HU1,0.23,0.32,0.26,0.24,0.13
K,Bos_Bison_sp.,Humerus,zone2,1,HU2,0.25,0.42,0.31,0.25,0.22
K,Bos_Bison_sp.,Humerus,zone3,1,HU3,0.64,0.7,0.61,0.45,0.42
K,Bos_Bison_sp.,Humerus,zone4,0,HU4,0.55,0.61,0.62,0.48,0.37
K,Bos_Bison_sp.,Humerus,zone5,0,HU5,0.36,0.51,0.48,0.37,0.34
K,Bos_Bison_sp.,Metacarpal,zone1,0,MC1,0.55,0.58,0.63,0.59,0.4
K,Bos_Bison_sp.,Metacarpal,zone2,1,MC2,0.66,0.72,0.69,0.63,0.55
K,Bos_Bison_sp.,Metacarpal,zone3,0,MC3,0.84,0.86,0.79,0.69,0.67
K,Bos_Bison_sp.,Metacarpal,zone4,0,MC4,0.67,0.62,0.59,0.6,0.54
K,Bos_Bison_sp.,Metacarpal,zone5,0,MC5,0.56,0.56,0.48,0.46,0.38
K,Bos_Bison_sp.,Metacarpal,zone6,0,MC6,0.6,0.62,0.68,0.53,0.5
K,Bos_Bison_sp.,Metatarsal,zone1,0,MR1,0.59,0.63,0.58,0.52,0.43
K,Bos_Bison_sp.,Metatarsal,zone2,2,MR2,0.75,0.71,0.57,0.59,0.53
K,Bos_Bison_sp.,Metatarsal,zone3,0,MR3,0.91,0.84,0.65,0.67,0.68
K,Bos_Bison_sp.,Metatarsal,zone4,0,MR4,0.71,0.65,0.54,0.51,0.51
K,Bos_Bison_sp.,Metatarsal,zone5,0,MR5,0.58,0.54,0.41,0.4,0.31
K,Bos_Bison_sp.,Metatarsal,zone6,0,MR6,0.6,0.65,0.59,0.48,0.39
K,Bos_Bison_sp.,Tibia,zone1,0,TI1,0.3,0.42,0.35,0.41,0.16
K,Bos_Bison_sp.,Tibia,zone2,3,TI2,0.44,0.55,0.44,0.58,0.2
K,Bos_Bison_sp.,Tibia,zone3,1,TI3,0.82,0.77,0.71,0.76,0.59
K,Bos_Bison_sp.,Tibia,zone4,1,TI4,0.55,0.57,0.53,0.44,0.36
K,Bos_Bison_sp.,Tibia,zone5,0,TI5,0.43,0.48,0.39,0.41,0.28
K,Cervid_sp.,Femur,zone1,0,FE1,0.35,0.41,0.39,0.31,0.28
K,Cervid_sp.,Femur,zone2,2,FE2,0.3,0.42,0.35,0.34,0.16
K,Cervid_sp.,Femur,zone3,0,FE3,0.36,0.5,0.35,0.34,0.2
K,Cervid_sp.,Femur,zone4,1,FE4,0.59,0.65,0.57,0.45,0.36
K,Cervid_sp.,Femur,zone5,0,FE5,0.46,0.49,0.4,0.36,0.24
K,Cervid_sp.,Femur,zone6,0,FE6,0.3,0.38,0.32,0.26,0.22
K,Cervid_sp.,Metatarsal,zone1,0,MR1,0.59,0.63,0.58,0.52,0.43
K,Cervid_sp.,Metatarsal,zone2,1,MR2,0.75,0.71,0.57,0.59,0.53
K,Cervid_sp.,Metatarsal,zone3,1,MR3,0.91,0.84,0.65,0.67,0.68
K,Cervid_sp.,Metatarsal,zone4,1,MR4,0.71,0.65,0.54,0.51,0.51
K,Cervid_sp.,Metatarsal,zone5,0,MR5,0.58,0.54,0.41,0.4,0.31
K,Cervid_sp.,Metatarsal,zone6,0,MR6,0.6,0.65,0.59,0.48,0.39
K,Cervid_sp.,Tibia,zone1,0,TI1,0.3,0.42,0.35,0.41,0.16
K,Cervid_sp.,Tibia,zone2,1,TI2,0.44,0.55,0.44,0.58,0.2
K,Cervid_sp.,Tibia,zone3,2,TI3,0.82,0.77,0.71,0.76,0.59
K,Cervid_sp.,Tibia,zone4,1,TI4,0.55,0.57,0.53,0.44,0.36
K,Cervid_sp.,Tibia,zone5,0,TI5,0.43,0.48,0.39,0.41,0.28
K,Cervus_elaphus,Ischium,zone1,0,IS1,0.83,0.65,0.67,0.5,0.49
K,Cervus_elaphus,Ischium,zone2,1,IS2,0.3,0.31,0.3,0.19,0.11
K,Cervus_elaphus,Tibia,zone1,0,TI1,0.3,0.42,0.35,0.41,0.16
K,Cervus_elaphus,Tibia,zone2,1,TI2,0.44,0.55,0.44,0.58,0.2
K,Cervus_elaphus,Tibia,zone3,1,TI3,0.82,0.77,0.71,0.76,0.59
K,Cervus_elaphus,Tibia,zone4,1,TI4,0.55,0.57,0.53,0.44,0.36
K,Cervus_elaphus,Tibia,zone5,0,TI5,0.43,0.48,0.39,0.41,0.28
I,Bison_priscus,Axis,zone1,0,AX1,0.53,0.87,0.62,0.65,0.13
I,Bison_priscus,Axis,zone2,0,AX2,0.37,0.41,0.42,0.38,0.14
I,Capra_ibex,Radius,zone1,0,RA1,0.37,0.51,0.53,0.48,0.35
I,Capra_ibex,Radius,zone2,0,RA2,0.51,0.62,0.57,0.56,0.36
I,Capra_ibex,Radius,zone3,1,RA3,0.84,0.8,0.73,0.62,0.52
I,Capra_ibex,Radius,zone4,0,RA4,0.43,0.49,0.38,0.42,0.19
I,Capra_ibex,Radius,zone5,0,RA5,0.42,0.47,0.49,0.35,0.21
I,Capra_sp.,Ischium,zone1,0,IS1,0.83,0.65,0.67,0.5,0.49
I,Capra_sp.,Ischium,zone2,1,IS2,0.3,0.31,0.3,0.19,0.11
I,Cervus_elaphus,Radio-ulna,zone1,0,UL1,0.43,0.46,0.49,0.34,0.18
I,Cervus_elaphus,Radio-ulna,zone3,1,RA1,0.37,0.51,0.53,0.48,0.35
I,Cervus_elaphus,Radio-ulna,zone4,1,RA2,0.51,0.62,0.57,0.56,0.36
I,Cervus_elaphus,Radio-ulna,zone5,0,RA3,0.84,0.8,0.73,0.62,0.52
I,Cervus_elaphus,Radio-ulna,zone6,0,RA4,0.43,0.49,0.38,0.42,0.19
I,Cervus_elaphus,Radio-ulna,zone7,0,RA5,0.42,0.47,0.49,0.35,0.21
I,Equus_ferus,Tibia,zone1,0,TI1,0.3,0.42,0.35,0.41,0.16
I,Equus_ferus,Tibia,zone2,0,TI2,0.44,0.55,0.44,0.58,0.2
I,Equus_ferus,Tibia,zone3,1,TI3,0.82,0.77,0.71,0.76,0.59
I,Equus_ferus,Tibia,zone4,0,TI4,0.55,0.57,0.53,0.44,0.36
I,Equus_ferus,Tibia,zone5,0,TI5,0.43,0.48,0.39,0.41,0.28
I,Megaloceros_giganteus,Femur,zone1,0,FE1,0.35,0.41,0.39,0.31,0.28
I,Megaloceros_giganteus,Femur,zone2,0,FE2,0.3,0.42,0.35,0.34,0.16
I,Megaloceros_giganteus,Femur,zone3,2,FE3,0.36,0.5,0.35,0.34,0.2
I,Megaloceros_giganteus,Femur,zone4,1,FE4,0.59,0.65,0.57,0.45,0.36
I,Megaloceros_giganteus,Femur,zone5,1,FE5,0.46,0.49,0.4,0.36,0.24
I,Megaloceros_giganteus,Femur,zone6,0,FE6,0.3,0.38,0.32,0.26,0.22
I/J,Cervid_sp.,Tibia,zone1,0,TI1,0.3,0.42,0.35,0.41,0.16
I/J,Cervid_sp.,Tibia,zone2,0,TI2,0.44,0.55,0.44,0.58,0.2
I/J,Cervid_sp.,Tibia,zone3,1,TI3,0.82,0.77,0.71,0.76,0.59
I/J,Cervid_sp.,Tibia,zone4,0,TI4,0.55,0.57,0.53,0.44,0.36
I/J,Cervid_sp.,Tibia,zone5,0,TI5,0.43,0.48,0.39,0.41,0.28
I/J,Cervus_elaphus,Femur,zone1,0,FE1,0.35,0.41,0.39,0.31,0.28
I/J,Cervus_elaphus,Femur,zone2,0,FE2,0.3,0.42,0.35,0.34,0.16
I/J,Cervus_elaphus,Femur,zone3,1,FE3,0.36,0.5,0.35,0.34,0.2
I/J,Cervus_elaphus,Femur,zone4,0,FE4,0.59,0.65,0.57,0.45,0.36
I/J,Cervus_elaphus,Femur,zone5,0,FE5,0.46,0.49,0.4,0.36,0.24
I/J,Cervus_elaphus,Femur,zone6,0,FE6,0.3,0.38,0.32,0.26,0.22
I/J,Cervus_elaphus,Humerus,zone1,0,HU1,0.23,0.32,0.26,0.24,0.13
I/J,Cervus_elaphus,Humerus,zone2,0,HU2,0.25,0.42,0.31,0.25,0.22
I/J,Cervus_elaphus,Humerus,zone3,1,HU3,0.64,0.7,0.61,0.45,0.42
I/J,Cervus_elaphus,Humerus,zone4,1,HU4,0.55,0.61,0.62,0.48,0.37
I/J,Cervus_elaphus,Humerus,zone5,0,HU5,0.36,0.51,0.48,0.37,0.34
I/J,Cervus_elaphus,Scapula,zone1,0,SP1,0.64,0.68,0.66,0.5,0.25
I/J,Cervus_elaphus,Scapula,zone2,0,SP2,0.67,0.71,0.73,0.48,0.33
I/J,Cervus_elaphus,Scapula,zone3,1,SP3,0.55,0.74,0.73,0.28,0.19
I/J,Cervus_elaphus,Scapula,zone4,0,SP4,0.66,0.65,0.69,0.43,0.32
J,Bos_Bison_sp.,Humerus,zone1,0,HU1,0.23,0.32,0.26,0.24,0.13
J,Bos_Bison_sp.,Humerus,zone2,0,HU2,0.25,0.42,0.31,0.25,0.22
J,Bos_Bison_sp.,Humerus,zone3,1,HU3,0.64,0.7,0.61,0.45,0.42
J,Bos_Bison_sp.,Humerus,zone4,0,HU4,0.55,0.61,0.62,0.48,0.37
J,Bos_Bison_sp.,Humerus,zone5,0,HU5,0.36,0.51,0.48,0.37,0.34
J,Bos_Bison_sp.,Metatarsal,zone1,0,MR1,0.59,0.63,0.58,0.52,0.43
J,Bos_Bison_sp.,Metatarsal,zone2,0,MR2,0.75,0.71,0.57,0.59,0.53
J,Bos_Bison_sp.,Metatarsal,zone3,1,MR3,0.91,0.84,0.65,0.67,0.68
J,Bos_Bison_sp.,Metatarsal,zone4,0,MR4,0.71,0.65,0.54,0.51,0.51
J,Bos_Bison_sp.,Metatarsal,zone5,0,MR5,0.58,0.54,0.41,0.4,0.31
J,Bos_Bison_sp.,Metatarsal,zone6,0,MR6,0.6,0.65,0.59,0.48,0.39
J,Bos_Bison_sp.,Tibia,zone1,0,TI1,0.3,0.42,0.35,0.41,0.16
J,Bos_Bison_sp.,Tibia,zone2,0,TI2,0.44,0.55,0.44,0.58,0.2
J,Bos_Bison_sp.,Tibia,zone3,1,TI3,0.82,0.77,0.71,0.76,0.59
J,Bos_Bison_sp.,Tibia,zone4,3,TI4,0.55,0.57,0.53,0.44,0.36
J,Bos_Bison_sp.,Tibia,zone5,0,TI5,0.43,0.48,0.39,0.41,0.28
J,Cervid_sp.,Axis,zone1,0,AX1,0.53,0.87,0.62,0.65,0.13
J,Cervid_sp.,Axis,zone2,0,AX2,0.37,0.41,0.42,0.38,0.14
J,Cervid_sp.,Scapula,zone1,0,SP1,0.64,0.68,0.66,0.5,0.25
J,Cervid_sp.,Scapula,zone2,0,SP2,0.67,0.71,0.73,0.48,0.33
J,Cervid_sp.,Scapula,zone3,1,SP3,0.55,0.74,0.73,0.28,0.19
J,Cervid_sp.,Scapula,zone4,0,SP4,0.66,0.65,0.69,0.43,0.32
J,Cervus_elaphus,Tibia,zone1,0,TI1,0.3,0.42,0.35,0.41,0.16
J,Cervus_elaphus,Tibia,zone2,0,TI2,0.44,0.55,0.44,0.58,0.2
J,Cervus_elaphus,Tibia,zone3,1,TI3,0.82,0.77,0.71,0.76,0.59
J,Cervus_elaphus,Tibia,zone4,0,TI4,0.55,0.57,0.53,0.44,0.36
J,Cervus_elaphus,Tibia,zone5,0,TI5,0.43,0.48,0.39,0.41,0.28
J/K,Equid_sp.,Tibia,zone1,0,TI1,0.3,0.42,0.35,0.41,0.16
J/K,Equid_sp.,Tibia,zone2,0,TI2,0.44,0.55,0.44,0.58,0.2
J/K,Equid_sp.,Tibia,zone3,1,TI3,0.82,0.77,0.71,0.76,0.59
J/K,Equid_sp.,Tibia,zone4,0,TI4,0.55,0.57,0.53,0.44,0.36
J/K,Equid_sp.,Tibia,zone5,0,TI5,0.43,0.48,0.39,0.41,0.28
K,Cervid_sp.,Metacarpal,zone1,0,MC1,0.55,0.58,0.63,0.59,0.4
K,Cervid_sp.,Metacarpal,zone2,0,MC2,0.66,0.72,0.69,0.63,0.55
K,Cervid_sp.,Metacarpal,zone3,1,MC3,0.84,0.86,0.79,0.69,0.67
K,Cervid_sp.,Metacarpal,zone4,0,MC4,0.67,0.62,0.59,0.6,0.54
K,Cervid_sp.,Metacarpal,zone5,0,MC5,0.56,0.56,0.48,0.46,0.38
K,Cervid_sp.,Metacarpal,zone6,0,MC6,0.6,0.62,0.68,0.53,0.5
K,Cervid_sp.,Radius,zone1,0,RA1,0.37,0.51,0.53,0.48,0.35
K,Cervid_sp.,Radius,zone2,0,RA2,0.51,0.62,0.57,0.56,0.36
K,Cervid_sp.,Radius,zone3,1,RA3,0.84,0.8,0.73,0.62,0.52
K,Cervid_sp.,Radius,zone4,0,RA4,0.43,0.49,0.38,0.42,0.19
K,Cervid_sp.,Radius,zone5,0,RA5,0.42,0.47,0.49,0.35,0.21
K,Cervus_elaphus,Radio-ulna,zone1,0,UL1,0.43,0.46,0.49,0.34,0.18
K,Cervus_elaphus,Radio-ulna,zone2,0,UL2,0.65,0.73,0.68,0.69,0.26
K,Cervus_elaphus,Radio-ulna,zone3,1,RA1,0.37,0.51,0.53,0.48,0.35
K,Cervus_elaphus,Radio-ulna,zone4,0,RA2,0.51,0.62,0.57,0.56,0.36
K,Cervus_elaphus,Radio-ulna,zone5,0,RA3,0.84,0.8,0.73,0.62,0.52
K,Cervus_elaphus,Radio-ulna,zone6,0,RA4,0.43,0.49,0.38,0.42,0.19
K,Cervus_elaphus,Radio-ulna,zone7,0,RA5,0.42,0.47,0.49,0.35,0.21
K,Cervus_elaphus,Radius,zone1,0,RA1,0.37,0.51,0.53,0.48,0.35
K,Cervus_elaphus,Radius,zone2,0,RA2,0.51,0.62,0.57,0.56,0.36
K,Cervus_elaphus,Radius,zone3,1,RA3,0.84,0.8,0.73,0.62,0.52
K,Cervus_elaphus,Radius,zone4,0,RA4,0.43,0.49,0.38,0.42,0.19
K,Cervus_elaphus,Radius,zone5,0,RA5,0.42,0.47,0.49,0.35,0.21
K,Equid_sp.,Radius,zone1,0,RA1,0.37,0.51,0.53,0.48,0.35
K,Equid_sp.,Radius,zone2,0,RA2,0.51,0.62,0.57,0.56,0.36
K,Equid_sp.,Radius,zone3,1,RA3,0.84,0.8,0.73,0.62,0.52
K,Equid_sp.,Radius,zone4,0,RA4,0.43,0.49,0.38,0.42,0.19
K,Equid_sp.,Radius,zone5,0,RA5,0.42,0.47,0.49,0.35,0.21
K,Equid_sp.,Tibia,zone1,0,TI1,0.3,0.42,0.35,0.41,0.16
K,Equid_sp.,Tibia,zone2,0,TI2,0.44,0.55,0.44,0.58,0.2
K,Equid_sp.,Tibia,zone3,2,TI3,0.82,0.77,0.71,0.76,0.59
K,Equid_sp.,Tibia,zone4,0,TI4,0.55,0.57,0.53,0.44,0.36
K,Equid_sp.,Tibia,zone5,0,TI5,0.43,0.48,0.39,0.41,0.28
K,Equus_ferus,Tibia,zone1,0,TI1,0.3,0.42,0.35,0.41,0.16
K,Equus_ferus,Tibia,zone2,0,TI2,0.44,0.55,0.44,0.58,0.2
K,Equus_ferus,Tibia,zone3,1,TI3,0.82,0.77,0.71,0.76,0.59
K,Equus_ferus,Tibia,zone4,1,TI4,0.55,0.57,0.53,0.44,0.36
K,Equus_ferus,Tibia,zone5,0,TI5,0.43,0.48,0.39,0.41,0.28
K,Megaloceros_giganteus,Humerus,zone1,0,HU1,0.23,0.32,0.26,0.24,0.13
K,Megaloceros_giganteus,Humerus,zone2,0,HU2,0.25,0.42,0.31,0.25,0.22
K,Megaloceros_giganteus,Humerus,zone3,1,HU3,0.64,0.7,0.61,0.45,0.42
K,Megaloceros_giganteus,Humerus,zone4,0,HU4,0.55,0.61,0.62,0.48,0.37
K,Megaloceros_giganteus,Humerus,zone5,0,HU5,0.36,0.51,0.48,0.37,0.34
K,Megaloceros_giganteus,Radius,zone1,0,RA1,0.37,0.51,0.53,0.48,0.35
K,Megaloceros_giganteus,Radius,zone2,0,RA2,0.51,0.62,0.57,0.56,0.36
K,Megaloceros_giganteus,Radius,zone3,1,RA3,0.84,0.8,0.73,0.62,0.52
K,Megaloceros_giganteus,Radius,zone4,0,RA4,0.43,0.49,0.38,0.42,0.19
K,Megaloceros_giganteus,Radius,zone5,0,RA5,0.42,0.47,0.49,0.35,0.21
I,Bison_priscus,Scapula,zone1,0,SP1,0.64,0.68,0.66,0.5,0.25
I,Bison_priscus,Scapula,zone2,0,SP2,0.67,0.71,0.73,0.48,0.33
I,Bison_priscus,Scapula,zone3,0,SP3,0.55,0.74,0.73,0.28,0.19
I,Bison_priscus,Scapula,zone4,1,SP4,0.66,0.65,0.69,0.43,0.32
I,Capreolus_capreolus,Tibia,zone1,0,TI1,0.3,0.42,0.35,0.41,0.16
I,Capreolus_capreolus,Tibia,zone2,0,TI2,0.44,0.55,0.44,0.58,0.2
I,Capreolus_capreolus,Tibia,zone3,0,TI3,0.82,0.77,0.71,0.76,0.59
I,Capreolus_capreolus,Tibia,zone4,1,TI4,0.55,0.57,0.53,0.44,0.36
I,Capreolus_capreolus,Tibia,zone5,0,TI5,0.43,0.48,0.39,0.41,0.28
I,Equid_sp.,Radius,zone1,0,RA1,0.37,0.51,0.53,0.48,0.35
I,Equid_sp.,Radius,zone2,0,RA2,0.51,0.62,0.57,0.56,0.36
I,Equid_sp.,Radius,zone3,0,RA3,0.84,0.8,0.73,0.62,0.52
I,Equid_sp.,Radius,zone4,2,RA4,0.43,0.49,0.38,0.42,0.19
I,Equid_sp.,Radius,zone5,1,RA5,0.42,0.47,0.49,0.35,0.21
I/J,Bos_Bison_sp.,Radius,zone1,0,RA1,0.37,0.51,0.53,0.48,0.35
I/J,Bos_Bison_sp.,Radius,zone2,0,RA2,0.51,0.62,0.57,0.56,0.36
I/J,Bos_Bison_sp.,Radius,zone3,0,RA3,0.84,0.8,0.73,0.62,0.52
I/J,Bos_Bison_sp.,Radius,zone4,1,RA4,0.43,0.49,0.38,0.42,0.19
I/J,Bos_Bison_sp.,Radius,zone5,0,RA5,0.42,0.47,0.49,0.35,0.21
I/J,Capra_sp.,Radio-ulna,zone1,0,UL1,0.43,0.46,0.49,0.34,0.18
I/J,Capra_sp.,Radio-ulna,zone2,0,UL2,0.65,0.73,0.68,0.69,0.26
I/J,Capra_sp.,Radio-ulna,zone3,0,RA1,0.37,0.51,0.53,0.48,0.35
I/J,Capra_sp.,Radio-ulna,zone4,1,RA2,0.51,0.62,0.57,0.56,0.36
I/J,Capra_sp.,Radio-ulna,zone5,0,RA3,0.84,0.8,0.73,0.62,0.52
I/J,Capra_sp.,Radio-ulna,zone6,0,RA4,0.43,0.49,0.38,0.42,0.19
I/J,Capra_sp.,Radio-ulna,zone7,0,RA5,0.42,0.47,0.49,0.35,0.21
I/J,Cervid_sp.,Humerus,zone1,0,HU1,0.23,0.32,0.26,0.24,0.13
I/J,Cervid_sp.,Humerus,zone2,0,HU2,0.25,0.42,0.31,0.25,0.22
I/J,Cervid_sp.,Humerus,zone3,0,HU3,0.64,0.7,0.61,0.45,0.42
I/J,Cervid_sp.,Humerus,zone4,1,HU4,0.55,0.61,0.62,0.48,0.37
I/J,Cervid_sp.,Humerus,zone5,0,HU5,0.36,0.51,0.48,0.37,0.34
I/J,Cervus_elaphus,Tibia,zone1,0,TI1,0.3,0.42,0.35,0.41,0.16
I/J,Cervus_elaphus,Tibia,zone2,0,TI2,0.44,0.55,0.44,0.58,0.2
I/J,Cervus_elaphus,Tibia,zone3,0,TI3,0.82,0.77,0.71,0.76,0.59
I/J,Cervus_elaphus,Tibia,zone4,1,TI4,0.55,0.57,0.53,0.44,0.36
I/J,Cervus_elaphus,Tibia,zone5,0,TI5,0.43,0.48,0.39,0.41,0.28
J,Bos_Bison_sp.,Femur,zone1,0,FE1,0.35,0.41,0.39,0.31,0.28
J,Bos_Bison_sp.,Femur,zone2,0,FE2,0.3,0.42,0.35,0.34,0.16
J,Bos_Bison_sp.,Femur,zone3,0,FE3,0.36,0.5,0.35,0.34,0.2
J,Bos_Bison_sp.,Femur,zone4,1,FE4,0.59,0.65,0.57,0.45,0.36
J,Bos_Bison_sp.,Femur,zone5,0,FE5,0.46,0.49,0.4,0.36,0.24
J,Bos_Bison_sp.,Femur,zone6,0,FE6,0.3,0.38,0.32,0.26,0.22
J/K,Cervid_sp.,Metacarpal,zone1,0,MC1,0.55,0.58,0.63,0.59,0.4
J/K,Cervid_sp.,Metacarpal,zone2,0,MC2,0.66,0.72,0.69,0.63,0.55
J/K,Cervid_sp.,Metacarpal,zone3,0,MC3,0.84,0.86,0.79,0.69,0.67
J/K,Cervid_sp.,Metacarpal,zone4,1,MC4,0.67,0.62,0.59,0.6,0.54
J/K,Cervid_sp.,Metacarpal,zone5,0,MC5,0.56,0.56,0.48,0.46,0.38
J/K,Cervid_sp.,Metacarpal,zone6,0,MC6,0.6,0.62,0.68,0.53,0.5
K,Bos_Bison_sp.,Radius,zone1,0,RA1,0.37,0.51,0.53,0.48,0.35
K,Bos_Bison_sp.,Radius,zone2,0,RA2,0.51,0.62,0.57,0.56,0.36
K,Bos_Bison_sp.,Radius,zone3,0,RA3,0.84,0.8,0.73,0.62,0.52
K,Bos_Bison_sp.,Radius,zone4,1,RA4,0.43,0.49,0.38,0.42,0.19
K,Bos_Bison_sp.,Radius,zone5,0,RA5,0.42,0.47,0.49,0.35,0.21
I,Bos_Bison_sp.,Scapula,zone1,0,SP1,0.64,0.68,0.66,0.5,0.25
I,Bos_Bison_sp.,Scapula,zone2,0,SP2,0.67,0.71,0.73,0.48,0.33
I,Bos_Bison_sp.,Scapula,zone3,0,SP3,0.55,0.74,0.73,0.28,0.19
I,Bos_Bison_sp.,Scapula,zone4,0,SP4,0.66,0.65,0.69,0.43,0.32
I,Capra_caucasica,Scapula,zone1,0,SP1,0.64,0.68,0.66,0.5,0.25
I,Capra_caucasica,Scapula,zone2,0,SP2,0.67,0.71,0.73,0.48,0.33
I,Capra_caucasica,Scapula,zone3,0,SP3,0.55,0.74,0.73,0.28,0.19
I,Capra_caucasica,Scapula,zone4,0,SP4,0.66,0.65,0.69,0.43,0.32
I,Capra_sp.,Femur,zone1,0,FE1,0.35,0.41,0.39,0.31,0.28
I,Capra_sp.,Femur,zone2,0,FE2,0.3,0.42,0.35,0.34,0.16
I,Capra_sp.,Femur,zone3,0,FE3,0.36,0.5,0.35,0.34,0.2
I,Capra_sp.,Femur,zone4,0,FE4,0.59,0.65,0.57,0.45,0.36
I,Capra_sp.,Femur,zone5,1,FE5,0.46,0.49,0.4,0.36,0.24
I,Capra_sp.,Femur,zone6,0,FE6,0.3,0.38,0.32,0.26,0.22
I,Cervus_elaphus,Scapula,zone1,0,SP1,0.64,0.68,0.66,0.5,0.25
I,Cervus_elaphus,Scapula,zone2,0,SP2,0.67,0.71,0.73,0.48,0.33
I,Cervus_elaphus,Scapula,zone3,0,SP3,0.55,0.74,0.73,0.28,0.19
I,Cervus_elaphus,Scapula,zone4,0,SP4,0.66,0.65,0.69,0.43,0.32
I,Equid_sp.,Femur,zone1,0,FE1,0.35,0.41,0.39,0.31,0.28
I,Equid_sp.,Femur,zone2,0,FE2,0.3,0.42,0.35,0.34,0.16
I,Equid_sp.,Femur,zone3,0,FE3,0.36,0.5,0.35,0.34,0.2
I,Equid_sp.,Femur,zone4,0,FE4,0.59,0.65,0.57,0.45,0.36
I,Equid_sp.,Femur,zone5,1,FE5,0.46,0.49,0.4,0.36,0.24
I,Equid_sp.,Femur,zone6,1,FE6,0.3,0.38,0.32,0.26,0.22
I/J,Bos_Bison_sp.,Scapula,zone1,0,SP1,0.64,0.68,0.66,0.5,0.25
I/J,Bos_Bison_sp.,Scapula,zone2,0,SP2,0.67,0.71,0.73,0.48,0.33
I/J,Bos_Bison_sp.,Scapula,zone3,0,SP3,0.55,0.74,0.73,0.28,0.19
I/J,Bos_Bison_sp.,Scapula,zone4,0,SP4,0.66,0.65,0.69,0.43,0.32
I/J,Cervid_sp.,Femur,zone1,0,FE1,0.35,0.41,0.39,0.31,0.28
I/J,Cervid_sp.,Femur,zone2,0,FE2,0.3,0.42,0.35,0.34,0.16
I/J,Cervid_sp.,Femur,zone3,0,FE3,0.36,0.5,0.35,0.34,0.2
I/J,Cervid_sp.,Femur,zone4,0,FE4,0.59,0.65,0.57,0.45,0.36
I/J,Cervid_sp.,Femur,zone5,1,FE5,0.46,0.49,0.4,0.36,0.24
I/J,Cervid_sp.,Femur,zone6,0,FE6,0.3,0.38,0.32,0.26,0.22
I,Capra_sp.,Radio-ulna,zone1,0,UL1,0.43,0.46,0.49,0.34,0.18
I,Capra_sp.,Radio-ulna,zone2,0,UL2,0.65,0.73,0.68,0.69,0.26
I,Capra_sp.,Radio-ulna,zone3,0,RA1,0.37,0.51,0.53,0.48,0.35
I,Capra_sp.,Radio-ulna,zone4,0,RA2,0.51,0.62,0.57,0.56,0.36
I,Capra_sp.,Radio-ulna,zone5,0,RA3,0.84,0.8,0.73,0.62,0.52
I,Capra_sp.,Radio-ulna,zone6,1,RA4,0.43,0.49,0.38,0.42,0.19
I,Capra_sp.,Radio-ulna,zone7,0,RA5,0.42,0.47,0.49,0.35,0.21
I,Equid_sp.,Metacarpal,zone1,0,MC1,0.55,0.58,0.63,0.59,0.4
I,Equid_sp.,Metacarpal,zone2,0,MC2,0.66,0.72,0.69,0.63,0.55
I,Equid_sp.,Metacarpal,zone3,0,MC3,0.84,0.86,0.79,0.69,0.67
I,Equid_sp.,Metacarpal,zone4,0,MC4,0.67,0.62,0.59,0.6,0.54
I,Equid_sp.,Metacarpal,zone5,0,MC5,0.56,0.56,0.48,0.46,0.38
I,Equid_sp.,Metacarpal,zone6,1,MC6,0.6,0.62,0.68,0.53,0.5
I,Equid_sp.,Metatarsal,zone1,0,MR1,0.59,0.63,0.58,0.52,0.43
I,Equid_sp.,Metatarsal,zone2,0,MR2,0.75,0.71,0.57,0.59,0.53
I,Equid_sp.,Metatarsal,zone3,0,MR3,0.91,0.84,0.65,0.67,0.68
I,Equid_sp.,Metatarsal,zone4,0,MR4,0.71,0.65,0.54,0.51,0.51
I,Equid_sp.,Metatarsal,zone5,0,MR5,0.58,0.54,0.41,0.4,0.31
I,Equid_sp.,Metatarsal,zone6,1,MR6,0.6,0.65,0.59,0.48,0.39
I,Bos_Bison_sp.,Acetabulum,zone7,1,AC1,0.65,0.64,0.64,0.53,0.26
I,Capra_sp.,Acetabulum,zone7,1,AC1,0.65,0.64,0.64,0.53,0.26
I,Cervus_elaphus,Acetabulum,zone7,1,AC1,0.65,0.64,0.64,0.53,0.26
I,Equid_sp.,Acetabulum,zone7,1,AC1,0.65,0.64,0.64,0.53,0.26
